material,thickness_cm,flux,uncertainty,transmission,transmission_uncertainty
Concrete,0,1.0002218118623882,1.1519897659540693e-05,1.0,0.0
Concrete,2.0,0.6018350599904329,0.00022022995917495735,0.6017015954389465,0.00022029015122550897
Concrete,4.0,0.3030854182663252,0.00017197187151735862,0.30301820523388473,0.0001719691511230044
Concrete,6.0,0.14197649903750229,0.00014013692188964488,0.1419450139496014,0.00014011538245556858
Concrete,8.0,0.06441529437825215,0.00010260748764230815,0.06440100947040184,0.00010258741459297104
Concrete,10.0,0.02868165906694831,7.656385863923092e-05,0.028675298545573377,7.654759209412148e-05
Concrete,12.0,0.012746787050301573,5.313259665460011e-05,0.012743960288735727,5.312101660457085e-05
Concrete,14.0,0.005653425250507918,3.826957055005826e-05,0.005652171531813909,3.8261139167135225e-05
Concrete,16.0,0.0025441781710260386,2.4346490497572775e-05,0.002543613967274761,2.4341108984137225e-05
Concrete,18.0,0.0011363180515846138,1.6516561470010397e-05,0.0011360660586563472,1.6512903897114567e-05
Concrete,20.0,0.0005180628131517441,1.1956104901349375e-05,0.000517947926157623,1.1953454972085774e-05
Concrete,22.0,0.00024399817314709228,6.887540907082519e-06,0.00024394406346005764,6.886014080776945e-06
Concrete,24.0,0.00011404964104049794,4.736564361433085e-06,0.00011402434908726928,4.735514150357372e-06
Concrete,26.0,5.2309193585965004e-05,3.207716688398047e-06,5.2297593359383536e-05,3.2070053931354197e-06
Concrete,28.0,2.617493301374829e-05,2.3215361446273087e-06,2.6169128390642884e-05,2.3210213341361233e-06
Concrete,30.0,1.3787157867379537e-05,1.827354052845225e-06,1.3784100390400596e-05,1.8269488208240325e-06
Concrete,32.0,6.725949245067733e-06,1.2022456656432943e-06,6.7244576805860515e-06,1.2019790549262474e-06
Concrete,34.0,4.913941872754846e-06,9.836742158160434e-07,4.912852143871176e-06,9.834560752205301e-07
Concrete,36.0,2.4005814046709664e-06,6.519331478057176e-07,2.4000490453224005e-06,6.517885739545245e-07
Concrete,38.0,1.919968401693199e-06,6.17960466956242e-07,1.919542624368754e-06,6.17823426786961e-07
Concrete,40.0,8.475553437914532e-07,4.5969460768053294e-07,8.473673876530709e-07,4.595926646792837e-07
Concrete,42.0,1.162628305771174e-06,5.239529866701094e-07,1.162370478210617e-06,5.238367936264332e-07
Concrete,44.0,3.6809303266461386e-07,3.6809303266461386e-07,3.680114033698523e-07,3.6801140339426046e-07
Concrete,46.0,1.3740449836689188e-06,8.733663136381893e-07,1.3737402717807975e-06,8.731726337334916e-07
Concrete,48.0,1.1339807048080124e-06,7.979639900658842e-07,1.1337292302160141e-06,7.977870315455094e-07
Concrete,50.0,9.949953032381632e-07,7.485010212164763e-07,9.947746504202968e-07,7.483350317171261e-07
