thickness_cm,detector_flux
38.697802427798166,0.053233196964315284
21.943921987602614,0.15470885134658374
42.929895995569126,0.024681768487878855
34.86840145296819,0.08743821169158561
4.708867394382477,0.6789901564481803
48.7811175818378,0.0349418951372847
38.05698509951765,0.028944962134250088
39.30321526384769,0.038990173975005746
6.405681633777293,0.5800230103093866
22.519296894778357,0.15826324314960752
18.53990121162906,0.24371836808876823
46.33824944243009,0.0
32.19325600403323,0.08480723640530365
41.1380806635415,0.041969597427857636
22.170709941366557,0.15782825430929293
11.361936089238844,0.37402397009656185
27.72923935079174,0.11023223250619617
3.1908628052087664,0.7641182003603906
41.3815585996291,0.04115054340926955
31.583219956103243,0.08036276124346858
37.90438700426869,0.08023776121942215
17.726298406493417,0.2373856597293391
48.534901219745166,0.00012329663034738036
44.65605606610988,0.03167150040159971
38.91917485368809,0.04884354795009219
9.731935392598379,0.48625271570398215
23.33605018635171,0.17130688276499376
2.190188289361439,0.8464139250938898
7.714474603377392,0.5687415251666159
34.15244766212273,0.0413009763350025
37.23810779539086,0.03804614930576348
48.3754866217105,0.0023260386020770643
16.291267906907596,0.26383733522891234
18.522985301743443,0.19968576437317137
23.477790563790396,0.16556448090612788
9.473567954214285,0.46421192979521614
6.496075266773582,0.565291118151771
23.78524631129669,0.12883589226123812
11.345467452544206,0.4097466305520873
33.49069973412552,0.08537671693907116
21.857595943616538,0.2139506795195271
41.63390980289187,0.09404485071730549
35.01325510011245,0.0690338019906188
15.618332069102053,0.266866906764598
41.61299006976005,0.0
40.238217874840096,0.04534696570168489
19.373918951508724,0.1960075087424602
14.416405196512205,0.3072825267311516
34.12477519874877,0.052978526607712004
6.98762418046549,0.5689590605942344
9.995410123755416,0.47081358817494545
0.3681134875502756,0.9741212910162244
39.34621887510692,0.03977821039614137
33.242542829601604,0.049276888402593394
35.258268931316756,0.026072866658093656
39.036451551098395,0.03430243002479233
22.945788776917,0.15843204577865352
28.437059797644686,0.1381591268859251
6.989849906382872,0.5742785686822036
5.726503676798672,0.6521261792472148
33.42014808952358,0.05901663605464884
23.554810307156625,0.12822361434267487
28.26180532405944,0.08494964472961031
38.24994287080128,0.03238338822227974
31.73591600002954,0.12152470486833719
27.67897003289979,0.09280029215514052
27.960358037270677,0.12356644229887481
15.19750490313061,0.2784140813512169
1.5408917283969703,0.9026552207931008
21.835869461618117,0.18201780456284328
10.72923364097646,0.42073291149861103
20.426432186231807,0.19430981294131694
42.67015366340831,0.019826307280449013
11.696974293267036,0.4012098644089006
2.915137084453301,0.782886803474568
14.069194601099827,0.29996652513403993
14.67968788833418,0.2834532907927121
33.09582573634475,0.07426805976256208
27.851607617063916,0.1393116713664661
39.194910455320674,0.046673805504787766
33.215677016369376,0.06776778568942944
20.319343072003527,0.20252042903602602
40.701019233301736,0.06465915140462852
8.348645995385196,0.5171762115072177
1.1356036566930239,0.9049376883917616
4.502393038782087,0.719668547736042
36.117967529822515,0.06418261722236877
23.09386151256937,0.18834446462667204
8.063588951680089,0.5282815262693267
25.052238755168176,0.11028150302675385
7.615605135658421,0.5163962152101446
34.8160187538868,0.09473027336337916
22.307813778701536,0.20233329394200666
19.051061304824124,0.2142299078199824
15.075604457393826,0.29171423363835675
31.514129655944423,0.10959759465345684
18.09063052766952,0.2130752265119117
4.38249596580505,0.6863710905958084
5.900295106025766,0.636605323111739
48.09488322747573,0.013438965953021895
